post_id,user_id,title,posted_at
1,1,Post1 User1,17-03-2024 00:19:04
2,1,Post2 User1,17-03-2024 00:19:04
3,1,Post3 User1,17-03-2024 00:19:04
4,1,Post4 User1,17-03-2024 00:19:04
5,1,Post5 User1,17-03-2024 00:19:04
6,2,Post1 User2,17-03-2024 00:19:04
7,2,Post2 User2,17-03-2024 00:19:04
8,2,Post3 User2,17-03-2024 00:19:04
9,2,Post4 User2,17-03-2024 00:19:04
10,2,Post5 User2,17-03-2024 00:19:04
11,3,Post1 User3,17-03-2024 00:19:04
12,3,Post2 User3,17-03-2024 00:19:04
13,3,Post3 User3,17-03-2024 00:19:04
14,3,Post4 User3,17-03-2024 00:19:04
15,3,Post5 User3,17-03-2024 00:19:04
16,4,Post1 User4,17-03-2024 00:19:04
17,4,Post2 User4,17-03-2024 00:19:04
18,4,Post3 User4,17-03-2024 00:19:04
19,4,Post4 User4,17-03-2024 00:19:04
20,4,Post5 User4,17-03-2024 00:19:04
21,5,Post1 User5,17-03-2024 00:19:04
22,5,Post2 User5,17-03-2024 00:19:04
23,5,Post3 User5,17-03-2024 00:19:04
24,5,Post4 User5,17-03-2024 00:19:04
25,5,Post5 User5,17-03-2024 00:19:04
